horizon_seconds,model,AUROC,AP,Brier,ECE,Sensitivity,Precision,FPR,F1,LogLoss,TP,FP,FN,TN
8.0,Context only,0.7021478047999598,0.06035891116948259,0.01997858237600229,0.011808134908454502,0.548936170212766,0.08921161825726141,0.1113365457773269,0.15348007138607972,0.09304127370868556,129,1317,106,10512
8.0,Driver history,0.5146873083280722,0.02269440368208621,0.019607647765682076,0.010007887710839049,0.14893617021276595,0.050359712230215826,0.05579507988840984,0.07526881720430108,0.10226747001964522,35,660,200,11169
8.0,Automation only,0.4676431704987562,0.01753970483445358,0.019704800453047223,0.012174613776035712,0.1574468085106383,0.015565839293226757,0.19781891960436215,0.028330781010719754,0.10404033569243307,37,2340,198,9489
8.0,Additive,0.7225178653975174,0.05500509712874442,0.01948329936726491,0.01007296590290919,0.2680851063829787,0.09859154929577464,0.048693887902612226,0.14416475972540047,0.09257861305740923,63,576,172,11253
8.0,Interaction,0.7150310362380231,0.06149414896012448,0.0194180123029276,0.010318131213438666,0.3021276595744681,0.10113960113960115,0.05334347789331304,0.15154749199573106,0.09269040284316747,71,631,164,11198
8.0,HGB,0.6866356214352394,0.07084429728682574,0.01903515997928325,0.009772730453191216,0.2553191489361702,0.09345794392523364,0.049201115901597765,0.13683010262257694,0.09288670760353707,60,582,175,11247
8.0,MLP,0.7099965285459644,0.051157753099176,0.019363505011547082,0.006932939059432274,0.3021276595744681,0.10471976401179942,0.05131456589737087,0.15553121577217963,0.09249620515381268,71,607,164,11222
4.0,Additive,0.9347149568923763,0.11770327006270698,0.010010522149593191,0.005107486774774114,0.5967741935483871,0.10678210678210678,0.05163496830163497,0.18115055079559367,0.04064327226451285,74,619,50,11369
4.0,Interaction,0.9255996587985835,0.10608055212417962,0.01005655580330991,0.004726384953123479,0.5080645161290323,0.09347181008902077,0.05096763430096764,0.15789473684210528,0.041718899305925386,63,611,61,11377
12.0,Additive,0.7236395167981664,0.05885277505131618,0.020586558331620385,0.0045408172535042046,0.2885375494071146,0.10911808669656203,0.05079689763913747,0.15835140997830802,0.09698382610546712,73,596,180,11137
12.0,Interaction,0.7174130328666587,0.06218589610471864,0.020549066378076727,0.00456190331922934,0.2885375494071146,0.10413694721825963,0.05352424784795023,0.1530398322851153,0.09721398715685703,73,628,180,11105
