subject,model,n,positives,AP
1,Context only,582,10,0.0409681227863046
1,Driver history,582,10,0.03779168652321582
1,Automation only,582,10,0.016919047488981872
1,Additive,582,10,0.056625522847750416
1,Interaction,582,10,0.058259493959335246
1,HGB,582,10,0.03740492618287518
1,MLP,582,10,0.07514843371308992
2,Context only,595,4,0.030882813723954256
2,Driver history,595,4,0.01722695256390288
2,Automation only,595,4,0.011625807347732482
2,Additive,595,4,0.051417000197479176
2,Interaction,595,4,0.05324022044703635
2,HGB,595,4,0.2985159817351598
2,MLP,595,4,0.0662385279314978
3,Context only,237,4,0.04132158683713928
3,Driver history,237,4,0.06509241854636591
3,Automation only,237,4,0.016635539876876253
3,Additive,237,4,0.21103479853479853
3,Interaction,237,4,0.24734567901234567
3,HGB,237,4,0.04504032917484347
3,MLP,237,4,0.08150092886293343
4,Context only,115,2,0.04177631578947368
4,Driver history,115,2,0.013317384370015948
4,Automation only,115,2,0.017391304347826087
4,Additive,115,2,0.04375
4,Interaction,115,2,0.04646697388632873
4,HGB,115,2,0.05575117370892019
4,MLP,115,2,0.03808705612829324
5,Context only,537,8,0.05168976116179403
5,Driver history,537,8,0.03920629056816223
5,Automation only,537,8,0.02366946778711485
5,Additive,537,8,0.13670715178514298
5,Interaction,537,8,0.1277390301986893
5,HGB,537,8,0.34637479767346724
5,MLP,537,8,0.09352826628096057
6,Context only,604,8,0.036266180076409874
6,Driver history,604,8,0.06276251382876646
6,Automation only,604,8,0.013759854448353502
6,Additive,604,8,0.08652984723988422
6,Interaction,604,8,0.0736475824410253
6,HGB,604,8,0.17371315910713117
6,MLP,604,8,0.13586816423649387
7,Context only,584,44,0.26176972617324323
7,Driver history,584,44,0.08464959820602093
7,Automation only,584,44,0.09687707982066608
7,Additive,584,44,0.28619136987000277
7,Interaction,584,44,0.26304208645955657
7,HGB,584,44,0.22902188599552925
7,MLP,584,44,0.277168293947462
8,Context only,596,4,0.056338028169014086
8,Driver history,596,4,0.016903706192949952
8,Automation only,596,4,0.007026539429331054
8,Additive,596,4,0.07209326192385535
8,Interaction,596,4,0.07446605357053117
8,HGB,596,4,0.08615171650055371
8,MLP,596,4,0.06906906906906907
9,Context only,352,6,0.08844698288871863
9,Driver history,352,6,0.03721053143403445
9,Automation only,352,6,0.01693377659230102
9,Additive,352,6,0.14459793351302785
9,Interaction,352,6,0.3279851867669506
9,HGB,352,6,0.31108612677099656
9,MLP,352,6,0.25324953781850335
10,Context only,596,12,0.06663359788359788
10,Driver history,596,12,0.018961115404604385
10,Automation only,596,12,0.018821407581805567
10,Additive,596,12,0.03783566511726057
10,Interaction,596,12,0.040358466404150056
10,HGB,596,12,0.07979143118959521
10,MLP,596,12,0.05060182062250884
12,Context only,471,6,0.053720450579089314
12,Driver history,471,6,0.02341925297738942
12,Automation only,471,6,0.010381143128657611
12,Additive,471,6,0.05194869885162834
12,Interaction,471,6,0.053743209685410305
12,HGB,471,6,0.12843782753107838
12,MLP,471,6,0.26391993455397234
13,Context only,600,2,0.017452135493372607
13,Driver history,600,2,0.005277044854881266
13,Automation only,600,2,0.008264462809917356
13,Additive,600,2,0.02292152292152292
13,Interaction,600,2,0.03433583959899749
13,HGB,600,2,0.019694244604316548
13,MLP,600,2,0.06355555555555556
14,Context only,462,10,0.08811390106726895
14,Driver history,462,10,0.028008540050784424
14,Automation only,462,10,0.019943534726143422
14,Additive,462,10,0.11493890432207468
14,Interaction,462,10,0.10778668604345074
14,HGB,462,10,0.17088327143774784
14,MLP,462,10,0.19632137275918238
15,Context only,585,9,0.05581445650464055
15,Driver history,585,9,0.025638501369229877
15,Automation only,585,9,0.01830347742794123
15,Additive,585,9,0.0756790533540893
15,Interaction,585,9,0.0862764539011337
15,HGB,585,9,0.08080634312019962
15,MLP,585,9,0.07742315274889316
16,Context only,615,4,0.013754524125160449
16,Driver history,615,4,0.008258329571031295
16,Automation only,615,4,0.00807266210492017
16,Additive,615,4,0.012502643519574719
16,Interaction,615,4,0.013031822370027393
16,HGB,615,4,0.017171215021620813
16,MLP,615,4,0.018413919073158022
17,Context only,592,4,0.020013802622498272
17,Driver history,592,4,0.008490505427465265
17,Automation only,592,4,0.008430384919471613
17,Additive,592,4,0.04929076357747882
17,Interaction,592,4,0.040325340931491135
17,HGB,592,4,0.05286017745695166
17,MLP,592,4,0.06536712493743743
18,Context only,602,4,0.01773903417739034
18,Driver history,602,4,0.004970440137223319
18,Automation only,602,4,0.0060470547765396
18,Additive,602,4,0.013353238829531322
18,Interaction,602,4,0.011825731354495925
18,HGB,602,4,0.013488127462537719
18,MLP,602,4,0.012619257024565955
19,Context only,402,10,0.07485380116959063
19,Driver history,402,10,0.0515779211042595
19,Automation only,402,10,0.031504197662764556
19,Additive,402,10,0.1546891865630492
19,Interaction,402,10,0.15807417502613744
19,HGB,402,10,0.3626176275793446
19,MLP,402,10,0.1127827849980771
20,Context only,590,54,0.28468388433754055
20,Driver history,590,54,0.1006360161159596
20,Automation only,590,54,0.08876730097336973
20,Additive,590,54,0.30204705748648925
20,Interaction,590,54,0.31544067335034015
20,HGB,590,54,0.25619792140291037
20,MLP,590,54,0.3161804330814971
21,Context only,572,10,0.03121088138583672
21,Driver history,572,10,0.11541193831187549
21,Automation only,572,10,0.01712793056585936
21,Additive,572,10,0.11532774748499293
21,Interaction,572,10,0.14120987886031416
21,HGB,572,10,0.061458518431639846
21,MLP,572,10,0.16770184436888014
22,Context only,601,10,0.03294960617475831
22,Driver history,601,10,0.011833751330798725
22,Automation only,601,10,0.019525874281308968
22,Additive,601,10,0.043580754729523455
22,Interaction,601,10,0.08564551338026812
22,HGB,601,10,0.032427686547237426
22,MLP,601,10,0.12572013708237595
23,Context only,587,4,0.01723952738990333
23,Driver history,587,4,0.007122175816200433
23,Automation only,587,4,0.01012817290776577
23,Additive,587,4,0.02820258234391973
23,Interaction,587,4,0.026272732022355028
23,HGB,587,4,0.0261430969112356
23,MLP,587,4,0.01932793950913699
24,Context only,587,6,0.019763672278493058
24,Driver history,587,6,0.03882411351137756
24,Automation only,587,6,0.01480316642156506
24,Additive,587,6,0.029863744468797394
24,Interaction,587,6,0.025992348340584323
24,HGB,587,6,0.017473134044736074
24,MLP,587,6,0.04054720733230073
