horizon_frames,model,sequence,frame,label,probability
0,HGB full,0,0,0,0.05261653677988966
0,HGB full,0,1,0,0.05095174396728728
0,HGB full,0,2,1,0.06501647908865558
0,HGB full,0,3,1,0.1289732948572334
0,HGB full,0,4,0,0.09001112139543087
0,HGB full,0,5,0,0.11901583400309498
0,HGB full,0,6,0,0.11229751528976942
0,HGB full,0,7,0,0.12475853122385362
0,HGB full,0,8,0,0.0618960391798927
0,HGB full,0,9,0,0.5240138482039577
0,HGB full,0,10,0,0.69318301469435
0,HGB full,0,11,1,0.5791172897278923
0,HGB full,0,12,0,0.5311398323610149
0,HGB full,0,13,1,0.30005247532285934
0,HGB full,0,14,0,0.274534446990162
0,HGB full,0,15,0,0.22459317922097105
0,HGB full,0,16,0,0.106855583912041
0,HGB full,0,17,0,0.1077175918730679
0,HGB full,0,18,1,0.19075302790290666
0,HGB full,0,19,0,0.2670181257923255
0,HGB full,0,20,0,0.4281095436194028
0,HGB full,0,21,0,0.2676816400627432
0,HGB full,0,22,0,0.2542617875740878
0,HGB full,0,23,1,0.31560140155844274
0,HGB full,0,24,0,0.4974213036334426
0,HGB full,0,25,1,0.471839277723462
0,HGB full,0,26,1,0.5257016139736487
0,HGB full,0,27,1,0.6534731478542332
0,HGB full,0,28,0,0.8483793224146282
0,HGB full,0,29,1,0.7564021858678408
0,HGB full,0,30,0,0.7392492205275566
0,HGB full,0,31,1,0.8811393899388406
0,HGB full,0,32,0,0.7175130889533267
0,HGB full,0,33,1,0.586869725868906
0,HGB full,0,34,0,0.6613312791482291
0,HGB full,0,35,0,0.8044081160630869
0,HGB full,0,36,1,0.7491231717585733
0,HGB full,0,37,1,0.7641807324369091
0,HGB full,0,38,1,0.8264328958220801
0,HGB full,0,39,1,0.600442580371882
0,HGB full,1,0,1,0.18414303611838426
0,HGB full,1,1,0,0.8194034533409545
0,HGB full,1,2,1,0.3975273306448308
0,HGB full,1,3,0,0.6697909635365948
0,HGB full,1,4,0,0.27409257180784885
0,HGB full,1,5,0,0.30751773804234706
0,HGB full,1,6,0,0.41354154676003874
0,HGB full,1,7,0,0.29134111704440646
0,HGB full,1,8,0,0.24076095142126774
0,HGB full,1,9,0,0.4861103975852355
0,HGB full,1,10,0,0.635767272037751
0,HGB full,1,11,1,0.49188400858940345
0,HGB full,1,12,0,0.6135914454555244
0,HGB full,1,13,0,0.43824638308815683
0,HGB full,1,14,0,0.18821950745959914
0,HGB full,1,15,0,0.1696372281915334
0,HGB full,1,16,0,0.152298788544814
0,HGB full,1,17,1,0.14842271736996032
0,HGB full,1,18,0,0.11999036025801116
0,HGB full,1,19,0,0.2910743260214191
0,HGB full,1,20,1,0.5411443761145794
0,HGB full,1,21,1,0.8000984751065656
0,HGB full,1,22,1,0.80050702990266
0,HGB full,1,23,1,0.7759266673100558
0,HGB full,1,24,1,0.8935379291534172
0,HGB full,1,25,1,0.8800127369921622
0,HGB full,1,26,1,0.8989887358288259
0,HGB full,1,27,1,0.7127474946514215
0,HGB full,1,28,1,0.8922348948391785
0,HGB full,1,29,1,0.8196938544839694
0,HGB full,1,30,0,0.8999603522915169
0,HGB full,1,31,1,0.7735248393884117
0,HGB full,1,32,1,0.7476381632625242
0,HGB full,1,33,1,0.7811490459156568
0,HGB full,1,34,0,0.8443896832276804
0,HGB full,1,35,1,0.7363060372580597
0,HGB full,1,36,1,0.7628757927940346
0,HGB full,1,37,0,0.7884427610985747
0,HGB full,1,38,1,0.5548280179333153
0,HGB full,1,39,1,0.8107655674966593
0,HGB full,2,0,0,0.08993743236155934
0,HGB full,2,1,0,0.1258580062524395
0,HGB full,2,2,0,0.2871556899260612
0,HGB full,2,3,0,0.10938522985410366
0,HGB full,2,4,0,0.08298379793356238
0,HGB full,2,5,0,0.06015954836021452
0,HGB full,2,6,1,0.1063757875988419
0,HGB full,2,7,0,0.15731076755967976
0,HGB full,2,8,0,0.475484384115651
0,HGB full,2,9,1,0.45884556778866464
0,HGB full,2,10,1,0.665848329176848
0,HGB full,2,11,1,0.48011559745383886
0,HGB full,2,12,1,0.7896904236592494
0,HGB full,2,13,1,0.5486439012053551
0,HGB full,2,14,0,0.48214242928236806
0,HGB full,2,15,0,0.5276742826455136
0,HGB full,2,16,0,0.38717942296852076
0,HGB full,2,17,0,0.37336807453152526
0,HGB full,2,18,1,0.4417581693315315
0,HGB full,2,19,1,0.5199880586409233
0,HGB full,2,20,0,0.41486623276106616
0,HGB full,2,21,0,0.1623947584890627
0,HGB full,2,22,0,0.1843210521563197
0,HGB full,2,23,0,0.06777048379287284
0,HGB full,2,24,0,0.1005993827105503
0,HGB full,2,25,0,0.04071987804494248
0,HGB full,2,26,0,0.07960027399166324
0,HGB full,2,27,0,0.07081809213939853
0,HGB full,2,28,0,0.053195344828858786
0,HGB full,2,29,0,0.0821332495172019
0,HGB full,2,30,0,0.17047529219696264
0,HGB full,2,31,0,0.0870310752929023
0,HGB full,2,32,0,0.06786796541835191
0,HGB full,2,33,0,0.03956648478880858
0,HGB full,2,34,0,0.04642693046735358
0,HGB full,2,35,0,0.08592891634034487
0,HGB full,2,36,0,0.055253876053247955
0,HGB full,2,37,0,0.11429395809987825
0,HGB full,2,38,0,0.11347155086123152
0,HGB full,2,39,0,0.13452111943353895
0,MLP full,0,0,0,0.05402938273622074
0,MLP full,0,1,0,0.05698056467050703
0,MLP full,0,2,1,0.07965258522472167
0,MLP full,0,3,1,0.13464874872668767
0,MLP full,0,4,0,0.1019936129599085
0,MLP full,0,5,0,0.11105006016904323
0,MLP full,0,6,0,0.1082219351373872
0,MLP full,0,7,0,0.10291270299281176
0,MLP full,0,8,0,0.07534161180332721
0,MLP full,0,9,0,0.5673727714066729
0,MLP full,0,10,0,0.6270146388698267
0,MLP full,0,11,1,0.6626498675431252
0,MLP full,0,12,0,0.5014182067372969
0,MLP full,0,13,1,0.261343243912089
0,MLP full,0,14,0,0.3143712093657308
0,MLP full,0,15,0,0.26447739605160747
0,MLP full,0,16,0,0.11298042607799551
0,MLP full,0,17,0,0.0944134826651475
0,MLP full,0,18,1,0.19717192304716383
0,MLP full,0,19,0,0.32097498575129535
0,MLP full,0,20,0,0.4406583131352749
0,MLP full,0,21,0,0.29674149434839475
0,MLP full,0,22,0,0.25418182141367424
0,MLP full,0,23,1,0.33801550375565365
0,MLP full,0,24,0,0.5400820263367708
0,MLP full,0,25,1,0.5117590075241284
0,MLP full,0,26,1,0.5818886130436571
0,MLP full,0,27,1,0.7255571944810079
0,MLP full,0,28,0,0.8513864909247021
0,MLP full,0,29,1,0.7303692735145574
0,MLP full,0,30,0,0.7532614240458027
0,MLP full,0,31,1,0.8700739394760896
0,MLP full,0,32,0,0.6912025656746933
0,MLP full,0,33,1,0.586816313809454
0,MLP full,0,34,0,0.6531070697871025
0,MLP full,0,35,0,0.7952023953594751
0,MLP full,0,36,1,0.7683040967940047
0,MLP full,0,37,1,0.8801055777818045
0,MLP full,0,38,1,0.8485689155625247
0,MLP full,0,39,1,0.5919837913332598
0,MLP full,1,0,1,0.17618339124243496
0,MLP full,1,1,0,0.7401649504583584
0,MLP full,1,2,1,0.46035203283855025
0,MLP full,1,3,0,0.6835519702198385
0,MLP full,1,4,0,0.31074370025457476
0,MLP full,1,5,0,0.3066051977919725
0,MLP full,1,6,0,0.4089769600561308
0,MLP full,1,7,0,0.30538137579419217
0,MLP full,1,8,0,0.2313756175310534
0,MLP full,1,9,0,0.5348541471570083
0,MLP full,1,10,0,0.6535135578207661
0,MLP full,1,11,1,0.49245179474006034
0,MLP full,1,12,0,0.5856375593576012
0,MLP full,1,13,0,0.42118756768596854
0,MLP full,1,14,0,0.2020903233726284
0,MLP full,1,15,0,0.18512916406928667
0,MLP full,1,16,0,0.13831714016655033
0,MLP full,1,17,1,0.14164680465866247
0,MLP full,1,18,0,0.11363683135992775
0,MLP full,1,19,0,0.29128031151973793
0,MLP full,1,20,1,0.5268039045213337
0,MLP full,1,21,1,0.8243092511535501
0,MLP full,1,22,1,0.8273698207850413
0,MLP full,1,23,1,0.778485157164363
0,MLP full,1,24,1,0.8993477430555864
0,MLP full,1,25,1,0.9042384237588132
0,MLP full,1,26,1,0.910582581252509
0,MLP full,1,27,1,0.7977244268822528
0,MLP full,1,28,1,0.8834255438692852
0,MLP full,1,29,1,0.8572809320298858
0,MLP full,1,30,0,0.8899821149636914
0,MLP full,1,31,1,0.8027623957059862
0,MLP full,1,32,1,0.8394050855949304
0,MLP full,1,33,1,0.7509921323752917
0,MLP full,1,34,0,0.8279400927108889
0,MLP full,1,35,1,0.7559074682583522
0,MLP full,1,36,1,0.7503891367432464
0,MLP full,1,37,0,0.7650322617365382
0,MLP full,1,38,1,0.5887516761584294
0,MLP full,1,39,1,0.7867528327116156
0,MLP full,2,0,0,0.05482301122130243
0,MLP full,2,1,0,0.14422575347346656
0,MLP full,2,2,0,0.14855994433866454
0,MLP full,2,3,0,0.10700225306087414
0,MLP full,2,4,0,0.08076011256912274
0,MLP full,2,5,0,0.06792990103724977
0,MLP full,2,6,1,0.1455024905321806
0,MLP full,2,7,0,0.14471606498589468
0,MLP full,2,8,0,0.45448365064851154
0,MLP full,2,9,1,0.5011834374527852
0,MLP full,2,10,1,0.6717481621593647
0,MLP full,2,11,1,0.4931946266002603
0,MLP full,2,12,1,0.8102000399587408
0,MLP full,2,13,1,0.5997699523273251
0,MLP full,2,14,0,0.5077431529882442
0,MLP full,2,15,0,0.5738992367487672
0,MLP full,2,16,0,0.3374573457666377
0,MLP full,2,17,0,0.3584593769495487
0,MLP full,2,18,1,0.45175921680599795
0,MLP full,2,19,1,0.4799182099827708
0,MLP full,2,20,0,0.4354847806406318
0,MLP full,2,21,0,0.10428741216417992
0,MLP full,2,22,0,0.18875538332091057
0,MLP full,2,23,0,0.06935650072330092
0,MLP full,2,24,0,0.09181106177881587
0,MLP full,2,25,0,0.04819878724434922
0,MLP full,2,26,0,0.08192707301332029
0,MLP full,2,27,0,0.07588853454742957
0,MLP full,2,28,0,0.05940996562597487
0,MLP full,2,29,0,0.0844548968950049
0,MLP full,2,30,0,0.20319861902963396
0,MLP full,2,31,0,0.11776898379569306
0,MLP full,2,32,0,0.09449907394456691
0,MLP full,2,33,0,0.04621573629372131
0,MLP full,2,34,0,0.055323530176815135
0,MLP full,2,35,0,0.09206085586364833
0,MLP full,2,36,0,0.06982561116435847
0,MLP full,2,37,0,0.13906396262902204
0,MLP full,2,38,0,0.0919560615102622
0,MLP full,2,39,0,0.13354920372943133
0,UATIF,0,0,0,0.04947348992586731
0,UATIF,0,1,0,0.05160732542977809
0,UATIF,0,2,1,0.0867300074565782
0,UATIF,0,3,1,0.17185945448852574
0,UATIF,0,4,0,0.09910310332182783
0,UATIF,0,5,0,0.10169976651311703
0,UATIF,0,6,0,0.10137194144575255
0,UATIF,0,7,0,0.10043651406991723
0,UATIF,0,8,0,0.05620522489811155
0,UATIF,0,9,0,0.5532598115073112
0,UATIF,0,10,0,0.7092018214751371
0,UATIF,0,11,1,0.6662641966199203
0,UATIF,0,12,0,0.4756276327620016
0,UATIF,0,13,1,0.2598481468640839
0,UATIF,0,14,0,0.28744609755148187
0,UATIF,0,15,0,0.25372447301399975
0,UATIF,0,16,0,0.11218647525073612
0,UATIF,0,17,0,0.08765275681010154
0,UATIF,0,18,1,0.17779275929074168
0,UATIF,0,19,0,0.30634135055710954
0,UATIF,0,20,0,0.4388214607495226
0,UATIF,0,21,0,0.2682970739429952
0,UATIF,0,22,0,0.24826719110705495
0,UATIF,0,23,1,0.2953247770239624
0,UATIF,0,24,0,0.5832894599484799
0,UATIF,0,25,1,0.5307755253040994
0,UATIF,0,26,1,0.5461173928655478
0,UATIF,0,27,1,0.7237022680718002
0,UATIF,0,28,0,0.8679610198579711
0,UATIF,0,29,1,0.7046427240996572
0,UATIF,0,30,0,0.7519015631113039
0,UATIF,0,31,1,0.8042754561903339
0,UATIF,0,32,0,0.5817306256783236
0,UATIF,0,33,1,0.5764261047888056
0,UATIF,0,34,0,0.6628707713067572
0,UATIF,0,35,0,0.8067612653966577
0,UATIF,0,36,1,0.7546073891484055
0,UATIF,0,37,1,0.8914829473692889
0,UATIF,0,38,1,0.8325496350909115
0,UATIF,0,39,1,0.5634347802973052
0,UATIF,1,0,1,0.14035514772380286
0,UATIF,1,1,0,0.7325651844492629
0,UATIF,1,2,1,0.436567679761139
0,UATIF,1,3,0,0.6784868119088164
0,UATIF,1,4,0,0.35676744745057776
0,UATIF,1,5,0,0.3139103703363588
0,UATIF,1,6,0,0.42905868458629537
0,UATIF,1,7,0,0.297824888050265
0,UATIF,1,8,0,0.2466707053367524
0,UATIF,1,9,0,0.5711070639430793
0,UATIF,1,10,0,0.6654517358671376
0,UATIF,1,11,1,0.48965528505004896
0,UATIF,1,12,0,0.6250973112188732
0,UATIF,1,13,0,0.39348160879956584
0,UATIF,1,14,0,0.2428755111927675
0,UATIF,1,15,0,0.19440229842405388
0,UATIF,1,16,0,0.16224657407883933
0,UATIF,1,17,1,0.16879824442473285
0,UATIF,1,18,0,0.11014509561209875
0,UATIF,1,19,0,0.3087871621205507
0,UATIF,1,20,1,0.5556977332237991
0,UATIF,1,21,1,0.8237803506093073
0,UATIF,1,22,1,0.8169281903380071
0,UATIF,1,23,1,0.7846549484857159
0,UATIF,1,24,1,0.9126155845493458
0,UATIF,1,25,1,0.9385450385416368
0,UATIF,1,26,1,0.9027326312288589
0,UATIF,1,27,1,0.7608137160342547
0,UATIF,1,28,1,0.8882208238696481
0,UATIF,1,29,1,0.8515721761623325
0,UATIF,1,30,0,0.9168399134919683
0,UATIF,1,31,1,0.7930846260483555
0,UATIF,1,32,1,0.7972551995807627
0,UATIF,1,33,1,0.7567093437215046
0,UATIF,1,34,0,0.8453613334776392
0,UATIF,1,35,1,0.7836141750108607
0,UATIF,1,36,1,0.7395748436255452
0,UATIF,1,37,0,0.7457863056782176
0,UATIF,1,38,1,0.5568109023563661
0,UATIF,1,39,1,0.758777127473742
0,UATIF,2,0,0,0.05696856633764269
0,UATIF,2,1,0,0.13373573990247656
0,UATIF,2,2,0,0.11894232303619237
0,UATIF,2,3,0,0.09286112594403503
0,UATIF,2,4,0,0.07220113613198655
0,UATIF,2,5,0,0.06049423092741415
0,UATIF,2,6,1,0.11011098425692917
0,UATIF,2,7,0,0.1403699310324325
0,UATIF,2,8,0,0.5076192240410431
0,UATIF,2,9,1,0.5115048239889813
0,UATIF,2,10,1,0.7064876533892783
0,UATIF,2,11,1,0.5195934786948391
0,UATIF,2,12,1,0.8124598154059123
0,UATIF,2,13,1,0.5994453802615188
0,UATIF,2,14,0,0.5276200367905736
0,UATIF,2,15,0,0.5166343337685969
0,UATIF,2,16,0,0.34864580249924915
0,UATIF,2,17,0,0.35558128684459045
0,UATIF,2,18,1,0.4286385791736234
0,UATIF,2,19,1,0.46198283616050595
0,UATIF,2,20,0,0.43901167068782565
0,UATIF,2,21,0,0.11424555845933221
0,UATIF,2,22,0,0.20506116719460002
0,UATIF,2,23,0,0.07119897348555417
0,UATIF,2,24,0,0.09090993566085202
0,UATIF,2,25,0,0.03613298258060436
0,UATIF,2,26,0,0.07285552663900995
0,UATIF,2,27,0,0.061725262391043464
0,UATIF,2,28,0,0.04621507939021992
0,UATIF,2,29,0,0.071670226715174
0,UATIF,2,30,0,0.28318271792173294
0,UATIF,2,31,0,0.10897287975552356
0,UATIF,2,32,0,0.09741410413711168
0,UATIF,2,33,0,0.030475552996120557
0,UATIF,2,34,0,0.03946207035662516
0,UATIF,2,35,0,0.10396957927618165
0,UATIF,2,36,0,0.0665918433610806
0,UATIF,2,37,0,0.1531054541928079
0,UATIF,2,38,0,0.0906405339746595
0,UATIF,2,39,0,0.13616040062993012
10,HGB full,0,0,0,0.30646152589484854
10,HGB full,0,1,1,0.23765984000435458
10,HGB full,0,2,0,0.2501124213757029
10,HGB full,0,3,1,0.2755840432495055
10,HGB full,0,4,0,0.2787429603157722
10,HGB full,0,5,0,0.30592359112715867
10,HGB full,0,6,0,0.2678910044431929
10,HGB full,0,7,0,0.22445825883742807
10,HGB full,0,8,1,0.21465118277211093
10,HGB full,0,9,0,0.479599973277389
10,HGB full,0,10,0,0.43620462452337116
10,HGB full,0,11,0,0.45687268840046197
10,HGB full,0,12,0,0.40812434650207574
10,HGB full,0,13,1,0.36328516313249215
10,HGB full,0,14,0,0.4059313106021862
10,HGB full,0,15,1,0.3706599524565333
10,HGB full,0,16,1,0.3280050119651551
10,HGB full,0,17,1,0.3216603167954955
10,HGB full,0,18,0,0.3226320497677086
10,HGB full,0,19,1,0.36822467697282
10,HGB full,0,20,0,0.382134360493155
10,HGB full,0,21,1,0.3347523349087888
10,HGB full,0,22,0,0.3665265040363757
10,HGB full,0,23,1,0.38345032458668377
10,HGB full,0,24,0,0.45889797418348877
10,HGB full,0,25,0,0.43289388966862014
10,HGB full,0,26,1,0.4464313353425289
10,HGB full,0,27,1,0.5095038038067417
10,HGB full,0,28,1,0.5799052440365693
10,HGB full,0,29,1,0.5235334661376035
10,HGB full,0,30,0,0.4906836773422044
10,HGB full,0,31,0,0.6099597613876487
10,HGB full,0,32,0,0.5010757062085693
10,HGB full,0,33,1,0.4198932619075043
10,HGB full,0,34,1,0.47374848536955105
10,HGB full,0,35,1,0.5384499712085018
10,HGB full,0,36,0,0.5107739297513525
10,HGB full,0,37,0,0.5569751833149554
10,HGB full,0,38,1,0.6210643296990574
10,HGB full,0,39,0,0.4265076810041945
10,HGB full,1,0,0,0.3320077101385712
10,HGB full,1,1,1,0.5382294477568522
10,HGB full,1,2,0,0.40018164819487595
10,HGB full,1,3,0,0.48227869185466743
10,HGB full,1,4,0,0.330790253002125
10,HGB full,1,5,0,0.35055375224702984
10,HGB full,1,6,0,0.3874779718532481
10,HGB full,1,7,1,0.3387182084743102
10,HGB full,1,8,0,0.3051651173483732
10,HGB full,1,9,0,0.439684358911047
10,HGB full,1,10,1,0.4427797712541751
10,HGB full,1,11,1,0.38065138479168537
10,HGB full,1,12,1,0.4014104414923447
10,HGB full,1,13,1,0.3716915192272318
10,HGB full,1,14,1,0.34062754216911983
10,HGB full,1,15,1,0.310883964293067
10,HGB full,1,16,1,0.30501273997960415
10,HGB full,1,17,1,0.3127137330743271
10,HGB full,1,18,1,0.30110067925091627
10,HGB full,1,19,1,0.3392880456468773
10,HGB full,1,20,0,0.4489191676508489
10,HGB full,1,21,1,0.522059304824482
10,HGB full,1,22,1,0.49076566466407295
10,HGB full,1,23,1,0.49057830613402237
10,HGB full,1,24,0,0.53121910854659
10,HGB full,1,25,1,0.526017007760227
10,HGB full,1,26,1,0.7356536291319957
10,HGB full,1,27,0,0.5353459789893286
10,HGB full,1,28,1,0.6441305775313951
10,HGB full,1,29,1,0.5032798120850724
10,HGB full,1,30,1,0.5176628412598517
10,HGB full,1,31,1,0.4846705866698268
10,HGB full,1,32,1,0.49242155668537996
10,HGB full,1,33,1,0.5198357238852619
10,HGB full,1,34,1,0.530735633309041
10,HGB full,1,35,1,0.5065988078312853
10,HGB full,1,36,1,0.47012052063396625
10,HGB full,1,37,1,0.4738096692011775
10,HGB full,1,38,1,0.4110618237100384
10,HGB full,1,39,0,0.4987891872795314
10,HGB full,2,0,1,0.32796034526366197
10,HGB full,2,1,1,0.2805727162545077
10,HGB full,2,2,1,0.30630716834915866
10,HGB full,2,3,1,0.29071370024235976
10,HGB full,2,4,0,0.2464974616063158
10,HGB full,2,5,0,0.26127385059371394
10,HGB full,2,6,0,0.3066629325571489
10,HGB full,2,7,0,0.33783068821243956
10,HGB full,2,8,1,0.4353622536645475
10,HGB full,2,9,1,0.4394793269424887
10,HGB full,2,10,0,0.46509151412011285
10,HGB full,2,11,0,0.40785855266962356
10,HGB full,2,12,0,0.5176019781314858
10,HGB full,2,13,0,0.4441781081207561
10,HGB full,2,14,0,0.4178461731221342
10,HGB full,2,15,0,0.40434268147615754
10,HGB full,2,16,0,0.37275915868460524
10,HGB full,2,17,0,0.39125428931855594
10,HGB full,2,18,0,0.41305667245183153
10,HGB full,2,19,0,0.41806983703054845
10,HGB full,2,20,0,0.39952753715590966
10,HGB full,2,21,0,0.30897631929603775
10,HGB full,2,22,0,0.3286182644414554
10,HGB full,2,23,0,0.27820574213294746
10,HGB full,2,24,0,0.28814999385034096
10,HGB full,2,25,0,0.22972404611848612
10,HGB full,2,26,0,0.2552698515992146
10,HGB full,2,27,0,0.29368694503553366
10,HGB full,2,28,0,0.25095983647964204
10,HGB full,2,29,0,0.26856968267402265
10,HGB full,2,30,0,0.3215724420505303
10,HGB full,2,31,0,0.29407168836710473
10,HGB full,2,32,0,0.269013980574311
10,HGB full,2,33,0,0.23602757785964082
10,HGB full,2,34,1,0.23892077412193377
10,HGB full,2,35,0,0.1873774864853614
10,HGB full,2,36,0,0.2703388969153658
10,HGB full,2,37,0,0.3269084374983256
10,HGB full,2,38,0,0.32201399352348237
10,HGB full,2,39,0,0.27154031389246697
10,MLP full,0,0,0,0.25358384229806247
10,MLP full,0,1,1,0.24769675996102578
10,MLP full,0,2,0,0.26865451362568976
10,MLP full,0,3,1,0.2955341040515496
10,MLP full,0,4,0,0.2818236005759187
10,MLP full,0,5,0,0.29112019268994116
10,MLP full,0,6,0,0.28199764094734336
10,MLP full,0,7,0,0.266217826465787
10,MLP full,0,8,1,0.25052189047743234
10,MLP full,0,9,0,0.4650022538084743
10,MLP full,0,10,0,0.44802159696876753
10,MLP full,0,11,0,0.4786996354705309
10,MLP full,0,12,0,0.4288391990203483
10,MLP full,0,13,1,0.35480563319015096
10,MLP full,0,14,0,0.33178305195621766
10,MLP full,0,15,1,0.3590941040688535
10,MLP full,0,16,1,0.28035544073115826
10,MLP full,0,17,1,0.2840367949869593
10,MLP full,0,18,0,0.31205574401940883
10,MLP full,0,19,1,0.3706385700239054
10,MLP full,0,20,0,0.41058168181369026
10,MLP full,0,21,1,0.33999397563558953
10,MLP full,0,22,0,0.34807015405777886
10,MLP full,0,23,1,0.3676367148611795
10,MLP full,0,24,0,0.4508864975639596
10,MLP full,0,25,0,0.41852066775702307
10,MLP full,0,26,1,0.4393286000331607
10,MLP full,0,27,1,0.4998082340492747
10,MLP full,0,28,1,0.5478468443213859
10,MLP full,0,29,1,0.5033556515754727
10,MLP full,0,30,0,0.5095715025628997
10,MLP full,0,31,0,0.4804277803118343
10,MLP full,0,32,0,0.39870806597102343
10,MLP full,0,33,1,0.4494425794971732
10,MLP full,0,34,1,0.4770282805120842
10,MLP full,0,35,1,0.5317248853452579
10,MLP full,0,36,0,0.5147482073277173
10,MLP full,0,37,0,0.5365790431050261
10,MLP full,0,38,1,0.5435414574700217
10,MLP full,0,39,0,0.413546179026814
10,MLP full,1,0,0,0.28002779463677624
10,MLP full,1,1,1,0.46237962568658675
10,MLP full,1,2,0,0.40541692728652984
10,MLP full,1,3,0,0.48326754789401716
10,MLP full,1,4,0,0.3589822367749537
10,MLP full,1,5,0,0.34509169628814046
10,MLP full,1,6,0,0.38940347378990714
10,MLP full,1,7,1,0.3410466453418118
10,MLP full,1,8,0,0.31461711682425436
10,MLP full,1,9,0,0.4502271517711795
10,MLP full,1,10,1,0.47044461549610844
10,MLP full,1,11,1,0.4138722570962614
10,MLP full,1,12,1,0.46396920892353055
10,MLP full,1,13,1,0.3714074621212383
10,MLP full,1,14,1,0.35520358020430287
10,MLP full,1,15,1,0.2919051005020648
10,MLP full,1,16,1,0.28620240602708164
10,MLP full,1,17,1,0.288762530515124
10,MLP full,1,18,1,0.2822417186946063
10,MLP full,1,19,1,0.37124355652841995
10,MLP full,1,20,0,0.4548317446400918
10,MLP full,1,21,1,0.5316044823879221
10,MLP full,1,22,1,0.5375104181625826
10,MLP full,1,23,1,0.5278185803770185
10,MLP full,1,24,0,0.5781661073967271
10,MLP full,1,25,1,0.5722879800542416
10,MLP full,1,26,1,0.5770200799499471
10,MLP full,1,27,0,0.5209126024293185
10,MLP full,1,28,1,0.5714762661925992
10,MLP full,1,29,1,0.5524822793562925
10,MLP full,1,30,1,0.5758383894186293
10,MLP full,1,31,1,0.5329453103824812
10,MLP full,1,32,1,0.5314323691160839
10,MLP full,1,33,1,0.524144947324161
10,MLP full,1,34,1,0.5491266040544969
10,MLP full,1,35,1,0.5377175040482279
10,MLP full,1,36,1,0.52504068274514
10,MLP full,1,37,1,0.5294350232851064
10,MLP full,1,38,1,0.45034483699507916
10,MLP full,1,39,0,0.5227761321198863
10,MLP full,2,0,1,0.25956035015831064
10,MLP full,2,1,1,0.30278247467779645
10,MLP full,2,2,1,0.30114377168945305
10,MLP full,2,3,1,0.3068932982374246
10,MLP full,2,4,0,0.29038093368930845
10,MLP full,2,5,0,0.278489995613576
10,MLP full,2,6,0,0.2902122365019995
10,MLP full,2,7,0,0.3194359511916257
10,MLP full,2,8,1,0.4515811280724196
10,MLP full,2,9,1,0.451295766203252
10,MLP full,2,10,0,0.5020977526933229
10,MLP full,2,11,0,0.43477539971960044
10,MLP full,2,12,0,0.5335306283097869
10,MLP full,2,13,0,0.4613378125229255
10,MLP full,2,14,0,0.44150621848134197
10,MLP full,2,15,0,0.42657480871298276
10,MLP full,2,16,0,0.3941406139441119
10,MLP full,2,17,0,0.3844304328645839
10,MLP full,2,18,0,0.4059516280914647
10,MLP full,2,19,0,0.4186194112197764
10,MLP full,2,20,0,0.41109980565823373
10,MLP full,2,21,0,0.29215486748453645
10,MLP full,2,22,0,0.327046143149863
10,MLP full,2,23,0,0.2689166048454519
10,MLP full,2,24,0,0.2887625933657181
10,MLP full,2,25,0,0.2353750427489996
10,MLP full,2,26,0,0.2758615252624193
10,MLP full,2,27,0,0.2877401539353997
10,MLP full,2,28,0,0.2663136424502898
10,MLP full,2,29,0,0.2902833476633941
10,MLP full,2,30,0,0.3730693728549559
10,MLP full,2,31,0,0.3050145488268415
10,MLP full,2,32,0,0.27938073961464277
10,MLP full,2,33,0,0.23358521340165403
10,MLP full,2,34,1,0.25451957887374427
10,MLP full,2,35,0,0.2653171205801188
10,MLP full,2,36,0,0.2739904839120453
10,MLP full,2,37,0,0.31696419927989167
10,MLP full,2,38,0,0.2890498323342576
10,MLP full,2,39,0,0.30447592362347886
10,UATIF,0,0,0,0.22318268273686992
10,UATIF,0,1,1,0.22397971983660758
10,UATIF,0,2,0,0.2640026886599671
10,UATIF,0,3,1,0.3075814895442679
10,UATIF,0,4,0,0.28061576677454664
10,UATIF,0,5,0,0.2837689245692869
10,UATIF,0,6,0,0.2845356816644862
10,UATIF,0,7,0,0.27388841971264744
10,UATIF,0,8,1,0.23458722831131018
10,UATIF,0,9,0,0.45430303791750765
10,UATIF,0,10,0,0.49442912771513015
10,UATIF,0,11,0,0.49204383961523906
10,UATIF,0,12,0,0.43791437380899534
10,UATIF,0,13,1,0.3660469583280852
10,UATIF,0,14,0,0.3532619036914917
10,UATIF,0,15,1,0.3607215525729527
10,UATIF,0,16,1,0.2917619339140348
10,UATIF,0,17,1,0.2838588343693696
10,UATIF,0,18,0,0.3210752486920471
10,UATIF,0,19,1,0.36773678139354854
10,UATIF,0,20,0,0.40857508027752326
10,UATIF,0,21,1,0.35065357481197984
10,UATIF,0,22,0,0.35026013514289484
10,UATIF,0,23,1,0.3640813732220095
10,UATIF,0,24,0,0.4510798626034492
10,UATIF,0,25,0,0.42922759125556414
10,UATIF,0,26,1,0.4424212694940594
10,UATIF,0,27,1,0.49472210630978053
10,UATIF,0,28,1,0.5691778272410971
10,UATIF,0,29,1,0.5104266208974761
10,UATIF,0,30,0,0.50047713254852
10,UATIF,0,31,0,0.5049489391154794
10,UATIF,0,32,0,0.4362996857096638
10,UATIF,0,33,1,0.43835742625809554
10,UATIF,0,34,1,0.46847850136315206
10,UATIF,0,35,1,0.5287944594511224
10,UATIF,0,36,0,0.5001058542607216
10,UATIF,0,37,0,0.5691379443126191
10,UATIF,0,38,1,0.5455118561976767
10,UATIF,0,39,0,0.4380045164337789
10,UATIF,1,0,0,0.25599019811691726
10,UATIF,1,1,1,0.5092279293173211
10,UATIF,1,2,0,0.41168430421657715
10,UATIF,1,3,0,0.489559196440316
10,UATIF,1,4,0,0.376456497435376
10,UATIF,1,5,0,0.3715165192733599
10,UATIF,1,6,0,0.396328920695619
10,UATIF,1,7,1,0.3522089678344107
10,UATIF,1,8,0,0.3346726934066687
10,UATIF,1,9,0,0.44645845290032804
10,UATIF,1,10,1,0.47089156068948773
10,UATIF,1,11,1,0.42059850480327454
10,UATIF,1,12,1,0.45634673508004236
10,UATIF,1,13,1,0.38282806612299564
10,UATIF,1,14,1,0.36359412805385255
10,UATIF,1,15,1,0.3179995433066153
10,UATIF,1,16,1,0.2979913934692436
10,UATIF,1,17,1,0.3021743286346947
10,UATIF,1,18,1,0.27978721016689434
10,UATIF,1,19,1,0.37005848299153604
10,UATIF,1,20,0,0.4431231317300938
10,UATIF,1,21,1,0.5477684199384871
10,UATIF,1,22,1,0.5421687039835758
10,UATIF,1,23,1,0.519774953567036
10,UATIF,1,24,0,0.5951054634284443
10,UATIF,1,25,1,0.6048083199957311
10,UATIF,1,26,1,0.5775644449284956
10,UATIF,1,27,0,0.501406708819801
10,UATIF,1,28,1,0.5681582069641051
10,UATIF,1,29,1,0.5647259123801013
10,UATIF,1,30,1,0.5972619862751366
10,UATIF,1,31,1,0.5115558262157773
10,UATIF,1,32,1,0.535333482751172
10,UATIF,1,33,1,0.5085824779532029
10,UATIF,1,34,1,0.5542179382005111
10,UATIF,1,35,1,0.5319048570659466
10,UATIF,1,36,1,0.5048104855261388
10,UATIF,1,37,1,0.5045257331184368
10,UATIF,1,38,1,0.4350807227259149
10,UATIF,1,39,0,0.5128025311436465
10,UATIF,2,0,1,0.2362880460633496
10,UATIF,2,1,1,0.29135816252369134
10,UATIF,2,2,1,0.29545822108549186
10,UATIF,2,3,1,0.2974649284960423
10,UATIF,2,4,0,0.28277282543628024
10,UATIF,2,5,0,0.26955458467201787
10,UATIF,2,6,0,0.29411159764911526
10,UATIF,2,7,0,0.316347445494495
10,UATIF,2,8,1,0.44121945128119205
10,UATIF,2,9,1,0.4386306417484144
10,UATIF,2,10,0,0.5067717576778996
10,UATIF,2,11,0,0.41832917268895115
10,UATIF,2,12,0,0.5279991835423561
10,UATIF,2,13,0,0.44711313761766447
10,UATIF,2,14,0,0.4292340788793374
10,UATIF,2,15,0,0.42451676308881725
10,UATIF,2,16,0,0.38523491927268744
10,UATIF,2,17,0,0.3850601187208285
10,UATIF,2,18,0,0.4047394330671799
10,UATIF,2,19,0,0.4110848974687832
10,UATIF,2,20,0,0.41659401792811684
10,UATIF,2,21,0,0.2882426368665912
10,UATIF,2,22,0,0.32783142931582226
10,UATIF,2,23,0,0.2632463205317599
10,UATIF,2,24,0,0.2819093693901394
10,UATIF,2,25,0,0.22287065357194102
10,UATIF,2,26,0,0.264658275165079
10,UATIF,2,27,0,0.26762932617081714
10,UATIF,2,28,0,0.24767986255431812
10,UATIF,2,29,0,0.2781418986874982
10,UATIF,2,30,0,0.36407839104710626
10,UATIF,2,31,0,0.2971943665857119
10,UATIF,2,32,0,0.2810094249436177
10,UATIF,2,33,0,0.22161507758379642
10,UATIF,2,34,1,0.23418586309392223
10,UATIF,2,35,0,0.2622437133740266
10,UATIF,2,36,0,0.26657526358860245
10,UATIF,2,37,0,0.32183437676882803
10,UATIF,2,38,0,0.2872183197867393
10,UATIF,2,39,0,0.3134591449265292
