horizon_frames,model,features,threshold,sigmoid_slope,sigmoid_intercept,fit_seconds,iterations
0,E-only,1,0.3344915773632337,0.8951844369952561,-0.024003979110014034,0.039511874987510964,2
0,H-only,1,0.38190689630982255,0.9938450414304572,0.004096679411009224,0.02953183400677517,4
0,T-only,1,0.29448142506067143,0.9536882652917991,-0.028960258469553378,0.02957816599518992,4
0,H+T,2,0.35255308246395434,0.9828606479460743,-0.02004592140961571,0.030608540997491218,4
0,Additive,3,0.35154281513526364,0.983981883958272,-0.013917833894328557,0.03474304100382142,4
0,Static interaction,5,0.3508388305266251,0.987450019594893,-0.01283740676127282,0.059844374991371296,17
0,Quality static,9,0.32967883961719463,0.99380656161665,-0.011514033779889583,0.0458458749926649,7
0,Quality temporal,16,0.3497504153187689,0.9994116716866919,-0.02030785441744129,0.0727035000018077,27
0,HGB quality,9,0.3187968407782969,0.9925910567994037,-0.01182494765515132,0.7178901250008494,180
0,HGB full,18,0.3425497850039418,0.989869079013329,-0.019751168301041473,1.024012167006731,180
0,MLP full,18,0.35108009803800533,0.984237668171994,0.017656039269135997,2.3533249579922995,63
0,UATIF,18,0.34232629370880097,1.0015869275467015,-0.01621074685772573,0.0826026249997085,32
0,No quality,9,0.3665042208307923,0.9953167057009205,-0.011162905152366629,0.07103766601358075,21
0,No temporal,14,0.337049758398194,1.000378846235643,-0.015624076312157986,0.08983483401243575,22
0,No interactions,16,0.3497504153187689,0.9994116716866919,-0.02030785441744129,0.07085970899788663,27
0,No driver,12,0.3477873169653658,0.993263589560389,-0.02698009997350973,0.08159162499941885,26
0,No telemetry,12,0.3475018623680966,1.0027902564411182,0.008779290422420627,0.08623954099311959,27
10,E-only,1,0.3260642910439288,1.5958467675697978,0.2352500154820304,0.02868954199948348,2
10,H-only,1,0.25739091462325325,0.965667785420068,-0.034020019755525,0.028309333996730857,4
10,T-only,1,0.28063491871738205,0.9412003777056239,-0.04934429900223167,0.029470000008586794,4
10,H+T,2,0.2469875050913768,0.9630625733653354,-0.04107748605173381,0.029450083995470777,4
10,Additive,3,0.2569656225578055,1.0091354866430726,-0.02012715006457497,0.03203583300637547,4
10,Static interaction,5,0.2519528317262612,1.0118118981096098,-0.01979860293984799,0.05134158300643321,14
10,Quality static,9,0.2950356381446602,1.023713487121014,-0.01519322188990573,0.04511166700103786,8
10,Quality temporal,16,0.29655450412115886,1.0053535360828465,-0.02485176858347896,0.06702625000616536,23
10,HGB quality,9,0.28237505413623776,0.9022412950802565,-0.06377136097070245,0.6924786250019679,180
10,HGB full,18,0.2614670645383517,0.922071989384809,-0.05728581794174358,0.9137957089988049,180
10,MLP full,18,0.2958779336016761,0.9798579067464356,-0.05084330051431299,1.2084405000059633,33
10,UATIF,18,0.25051236923559206,1.0098108016143528,-0.02239662661414336,0.06176658299227711,21
10,No quality,9,0.29521046010470614,1.0091559793614255,-0.02040064454088959,0.053267291994416155,13
10,No temporal,14,0.28097924996448875,1.0258897967995373,-0.01572337312429994,0.08124470799521077,22
10,No interactions,16,0.29655450412115886,1.0053535360828465,-0.02485176858347896,0.06159270899661351,23
10,No driver,12,0.2833620406474746,0.9562631271084581,-0.047233643783015346,0.07718074999866076,22
10,No telemetry,12,0.28287060993738805,0.9974331701657776,-0.019481105299911875,0.07618250000814442,23
