horizon_frames,scenario,comparator,mean_delta_AP,low,high
0,burst30,Additive,0.09828383051526751,0.09195420107991661,0.10415624615006959
0,burst30,Quality temporal,0.0016179943984304741,0.0010733696296010317,0.002166745465792498
0,burst30,HGB full,0.00504048795711504,0.002911682804063359,0.006951155609982857
0,burst30,MLP full,0.0023619360646401576,0.0010950523682714194,0.003631543882505313
0,clean,Additive,0.028402934679714085,0.026521397238062877,0.030248056630713026
0,clean,Quality temporal,0.002003899345954622,0.0014783294147349222,0.002493524886891273
0,clean,HGB full,0.002183543010118723,0.0010250304882849597,0.003297898150192205
0,clean,MLP full,-0.0019261575144421542,-0.0025718248277903054,-0.001269928790552515
0,driver_shuffle,Additive,0.02418774686337712,0.022145563282779623,0.026121475724283253
0,driver_shuffle,Quality temporal,-0.001085833373179379,-0.0017190808072570227,-0.00044141254695801476
0,driver_shuffle,HGB full,0.00206898345515348,0.0011329671229820387,0.0029407733367349314
0,driver_shuffle,MLP full,-0.0006068321811964742,-0.0012328780324497896,5.444249782056472e-05
0,iid10,Additive,0.06105683105255434,0.05833664220626852,0.0638098446375737
0,iid10,Quality temporal,0.0027234978409062935,0.002186186702355596,0.003223145645555691
0,iid10,HGB full,0.002605404114851047,0.0012648052715931845,0.0038173908432765267
0,iid10,MLP full,-0.0014245362210642098,-0.002245790144100204,-0.0005509619969533665
0,iid20,Additive,0.08806180912918714,0.08483422499719372,0.09155018085637592
0,iid20,Quality temporal,0.0030723231724664847,0.0024924711857601226,0.0036196523348510437
0,iid20,HGB full,0.00381058360202731,0.002662423060117424,0.0049288074374422095
0,iid20,MLP full,-0.0011257881982708088,-0.0020583695482897257,-0.00015893038891262863
0,iid30,Additive,0.10887244618953013,0.1049776513469219,0.11254624301680499
0,iid30,Quality temporal,0.003513963959308475,0.002880605595826459,0.004101349648345197
0,iid30,HGB full,0.0038128365590516097,0.0026121109537476143,0.005013840259757701
0,iid30,MLP full,-0.0011276509317667178,-0.0021260006007808637,-0.00011769996938263392
0,noise,Additive,0.008003848637196458,0.005161360664271396,0.010764644874139268
0,noise,Quality temporal,-0.00750770037695947,-0.008305397813218792,-0.006729711348521108
0,noise,HGB full,0.005374457815755492,0.0028603402590234913,0.007760457208724043
0,noise,MLP full,-0.016470338035083618,-0.018101793895015796,-0.014857798788949212
0,quality_bias,Additive,0.025507496284956816,0.024009425166597567,0.02698540169613385
0,quality_bias,Quality temporal,0.002063065087009245,0.0013291397157735435,0.0027888697337026076
0,quality_bias,HGB full,0.008786271567707015,0.006930430840648411,0.010781594040675755
0,quality_bias,MLP full,-0.0010172082644564447,-0.0015242203268677201,-0.0005512040366601054
10,burst30,Additive,0.027988692318283506,0.023649213594298592,0.0326755581591347
10,burst30,Quality temporal,0.00046075161990899265,-3.769864221804646e-05,0.0009218779470566473
10,burst30,HGB full,0.006223904737574706,0.002842586927771183,0.009348254689401661
10,burst30,MLP full,0.00203384138673142,0.00043741973932280885,0.0035638929724850824
10,clean,Additive,0.006406455032727552,0.004739209993825876,0.008178888328764426
10,clean,Quality temporal,9.075748429268985e-05,-0.0002574047798611024,0.0004505692887490192
10,clean,HGB full,0.004178091660224945,0.0020672062487032098,0.006465468987903125
10,clean,MLP full,-5.791714416005974e-05,-0.0007731435911324817,0.0006200317093906674
10,driver_shuffle,Additive,0.005407565410050229,0.003996799385967115,0.0069233775198612795
10,driver_shuffle,Quality temporal,-0.0003218709158510117,-0.0006570843156571635,1.6394144268276544e-05
10,driver_shuffle,HGB full,0.0037054977866987065,0.0017904601331493802,0.005745698815734806
10,driver_shuffle,MLP full,0.0004045994229334493,-0.0003432964728250316,0.0011040520344364729
10,iid10,Additive,0.015529743824136681,0.01320528786368381,0.018190935479265945
10,iid10,Quality temporal,0.0003313861661921491,-4.941463163527522e-05,0.0007230947543973687
10,iid10,HGB full,0.004267879219741818,0.0022543278788133,0.006264309441796807
10,iid10,MLP full,0.0009147367551554486,0.00029738216028959974,0.0015183077925067145
10,iid20,Additive,0.023427250799089028,0.020601868516244123,0.02666156158138224
10,iid20,Quality temporal,0.0004601785288484724,6.86927983285618e-05,0.0008403596166521237
10,iid20,HGB full,0.003980707208678593,0.0016247102975142681,0.006154605775690139
10,iid20,MLP full,0.001923198833412502,0.0010897070377204176,0.0027556042710019644
10,iid30,Additive,0.028873998982302303,0.025429435276617108,0.03288957143732107
10,iid30,Quality temporal,0.0005120532814390584,8.222521409722623e-05,0.0009346110086302225
10,iid30,HGB full,0.0047928841554854456,0.0026123539018181896,0.00685987201408372
10,iid30,MLP full,0.002370524857945039,0.0014869005594980588,0.0033144160778470467
10,noise,Additive,0.003920108256426987,0.0017466711048290695,0.005959974632230255
10,noise,Quality temporal,-0.0004120713268627322,-0.0007144089359325495,-0.00011304730725959421
10,noise,HGB full,0.012116495349135852,0.010224710730508759,0.013947430719501105
10,noise,MLP full,-0.0007073809701948615,-0.001962627908503326,0.00044512564448001064
10,quality_bias,Additive,0.005736699339742875,0.00412960008290952,0.0075262490564736865
10,quality_bias,Quality temporal,2.525972975220466e-05,-0.0005860026170650844,0.0006414336687142161
10,quality_bias,HGB full,0.01323826617008989,0.010840583858361437,0.015616616949787575
10,quality_bias,MLP full,-0.00023399812837677781,-0.0011897883861615476,0.0006785666986863643
